{
 "flag":0,
 "data":{
		"total": 3,
		"rows": [

			{
					"applicantDept": "98",
					"applicantTime": "2019-02-14",
					"applicantUser": "sunchanglin",
					"applicantUserDeptName": "运维部",
					"applicantUserName": "孙长林",
					"arrearsAmount": 50000,
					"handleTime": "2019-02-14 10:29:31",
					"isSettle": "2",
					"loanAmount": 50000,
					"loanAppId": 146,
					"loanAppName": "维修打印机",
					"loanAppNum": "LA20190214002",
					"loanTerm": "一个月之内",
					"nodeNowState": "待【部门负责人审批】",
					"processInstanceId": "400290",
					"stagnationTime": "20天1小时",
					"taskKey": "DMAUDIT"
			}, {
				"applicantDept": "98",
				"applicantTime": "2019-02-21",
				"applicantUser": "sunchanglin",
				"applicantUserDeptName": "运维部",
				"applicantUserName": "孙长林",
				"arrearsAmount": 4500,
				"handleTime": "2019-02-20 10:29:31",
				"isSettle": "2",
				"loanAmount": 4500,
				"loanAppId": 147,
				"loanAppName": "采购办公用品",
				"loanAppNum": "LA20190221001",
				"loanTerm": "一个月之内",
				"nodeNowState": "待【部门负责人审批】",
				"processInstanceId": "400290",
				"stagnationTime": "20天1小时",
				"taskKey": "activitiStartTask"
			}, {
				"applicantDept": "98",
				"applicantTime": "2019-02-25",
				"applicantUser": "sunchanglin",
				"applicantUserDeptName": "运维部",
				"applicantUserName": "孙长林",
				"arrearsAmount": 15000,
				"handleTime": "2019-02-28 10:30:31",
				"isSettle": "2",
				"loanAmount": 15000,
				"loanAppId": 148,
				"loanAppName": "第五期国有企业纪检工作培训班酒店定金",
				"loanAppNum": "LA20190225001",
				"loanTerm": "一个月之内",
				"nodeNowState": "待【部门负责人审批】",
				"processInstanceId": "400290",
				"stagnationTime": "20天1小时",
				"taskKey": "DMAUDIT"
			}
		]
	}
}
