{
    "data":[
        {
            "{'taskId':'activitiStartTask','nextCode':'submited','parameters':'','nextName':'提交【部门负责人审批】'}":[
                {
                    "userCode":"sunchanglin",
                    "userName":"孙长林"
                },
                {
                    "userCode":"admin",
                    "userName":"管理员"
                },
                {
                    "userCode":"dongbanchu",
                    "userName":"董办处"
                },
                {
                    "userCode":"fanyechu",
                    "userName":"樊业处"
                },
                {
                    "userCode":"lizichu",
                    "userName":"李资处"
                },
                {
                    "userCode":"liucaichu",
                    "userName":"刘财处"
                },
                {
                    "userCode":"mashenchu",
                    "userName":"马审处"
                },
                {
                    "userCode":"wangyuchu",
                    "userName":"王预处"
                },
                {
                    "userCode":"zhaojianchu",
                    "userName":"赵建处"
                },
                {
                    "userCode":"zhoucaichu",
                    "userName":"周采处"
                },
                {
                    "userCode":"wudajun",
                    "userName":"吴大军"
                },
                {
                    "userCode":"yeyuling",
                    "userName":"叶玉玲"
                }
            ]
        }
    ],
    "flag":0,
    "message":""
}