{
    "data": {
        "children": [
            {
                "children": [
                    {
                        "children": [],
                        "countMenu": "",
                        "funcCode": "",
                        "id": 0,
                        "implateType": "2",
                        "leaf": "true",
                        "logoUrl": "",
                        "menuName": "(B01)输入文本框",
                        "menuOrder": 0,
                        "menuType": "SYSTEM",
                        "menuUrl": "view/baseElement/inputDemo.html",
                        "openType": "1",
                        "orderId": 0,
                        "parentId": "528",
                        "pkId": 0,
                        "state": 1,
                        "systemCode": "",
                        "systemId": 0,
                        "type": "menu"
                    },
                    {
                        "children": [],
                        "countMenu": "",
                        "funcCode": "",
                        "id": 1,
                        "implateType": "2",
                        "leaf": "true",
                        "logoUrl": "",
                        "menuName": "(B02)下拉列表",
                        "menuOrder": 1,
                        "menuType": "SYSTEM",
                        "menuUrl": "view/baseElement/selectDemo.html",
                        "openType": "1",
                        "orderId": 1,
                        "parentId": "528",
                        "pkId": 1,
                        "state": 1,
                        "systemCode": "",
                        "systemId": 1,
                        "type": "menu"
                    },
                    {
                        "children": [],
                        "countMenu": "",
                        "funcCode": "",
                        "id": 2,
                        "implateType": "2",
                        "leaf": "true",
                        "logoUrl": "",
                        "menuName": "(B03)按钮",
                        "menuOrder": 2,
                        "menuType": "SYSTEM",
                        "menuUrl": "view/baseElement/buttonDemo.html",
                        "openType": "1",
                        "orderId": 2,
                        "parentId": "528",
                        "pkId": 2,
                        "state": 1,
                        "systemCode": "",
                        "systemId": 2,
                        "type": "menu"
                    },
                    {
                        "children": [],
                        "countMenu": "",
                        "funcCode": "",
                        "id": 3,
                        "implateType": "2",
                        "leaf": "true",
                        "logoUrl": "",
                        "menuName": "(B04)表格",
                        "menuOrder": 3,
                        "menuType": "SYSTEM",
                        "menuUrl": "view/baseElement/tableDemo.html",
                        "openType": "1",
                        "orderId": 3,
                        "parentId": "528",
                        "pkId": 3,
                        "state": 1,
                        "systemCode": "",
                        "systemId": 3,
                        "type": "menu"
                    },
                    {
                        "children": [],
                        "countMenu": "",
                        "funcCode": "",
                        "id": 4,
                        "implateType": "2",
                        "leaf": "true",
                        "logoUrl": "",
                        "menuName": "(B05)单选按钮",
                        "menuOrder": 4,
                        "menuType": "SYSTEM",
                        "menuUrl": "view/baseElement/radioDemo.html",
                        "openType": "1",
                        "orderId": 4,
                        "parentId": "528",
                        "pkId": 4,
                        "state": 1,
                        "systemCode": "",
                        "systemId": 4,
                        "type": "menu"
                    },
                    {
                        "children": [],
                        "countMenu": "",
                        "funcCode": "",
                        "id": 5,
                        "implateType": "2",
                        "leaf": "true",
                        "logoUrl": "",
                        "menuName": "(B06)多选按钮",
                        "menuOrder": 5,
                        "menuType": "SYSTEM",
                        "menuUrl": "view/baseElement/checkboxDemo.html",
                        "openType": "1",
                        "orderId": 5,
                        "parentId": "528",
                        "pkId": 5,
                        "state": 1,
                        "systemCode": "",
                        "systemId": 5,
                        "type": "menu"
                    },
                    {
                        "children": [],
                        "countMenu": "",
                        "funcCode": "",
                        "id": 6,
                        "implateType": "2",
                        "leaf": "true",
                        "logoUrl": "",
                        "menuName": "(B07)滚动条",
                        "menuOrder": 6,
                        "menuType": "SYSTEM",
                        "menuUrl": "view/baseElement/scrollbar.html",
                        "openType": "1",
                        "orderId": 6,
                        "parentId": "528",
                        "pkId": 6,
                        "state": 1,
                        "systemCode": "",
                        "systemId": 6,
                        "type": "menu"
                    },
                    {
                        "children": [],
                        "countMenu": "",
                        "funcCode": "",
                        "id": 7,
                        "implateType": "2",
                        "leaf": "true",
                        "logoUrl": "",
                        "menuName": "(B08)进度条",
                        "menuOrder": 7,
                        "menuType": "SYSTEM",
                        "menuUrl": "view/baseElement/progress.html",
                        "openType": "1",
                        "orderId": 7,
                        "parentId": "528",
                        "pkId": 7,
                        "state": 1,
                        "systemCode": "",
                        "systemId": 7,
                        "type": "menu"
                    },
                    {
                        "children": [],
                        "countMenu": "",
                        "funcCode": "",
                        "id": 8,
                        "implateType": "2",
                        "leaf": "true",
                        "logoUrl": "",
                        "menuName": "(B09)文本域",
                        "menuOrder": 8,
                        "menuType": "SYSTEM",
                        "menuUrl": "view/baseElement/textareaDemo.html",
                        "openType": "1",
                        "orderId": 8,
                        "parentId": "528",
                        "pkId": 8,
                        "state": 1,
                        "systemCode": "",
                        "systemId": 8,
                        "type": "menu"
                    },
                    {
                        "children": [],
                        "countMenu": "",
                        "funcCode": "",
                        "id": 9,
                        "implateType": "2",
                        "leaf": "true",
                        "logoUrl": "",
                        "menuName": "(B10)数字输入框",
                        "menuOrder": 9,
                        "menuType": "SYSTEM",
                        "menuUrl": "view/baseElement/numberInputDemo.html",
                        "openType": "1",
                        "orderId": 9,
                        "parentId": "528",
                        "pkId": 9,
                        "state": 1,
                        "systemCode": "",
                        "systemId": 9,
                        "type": "menu"
                    },
                    {
                        "children": [],
                        "countMenu": "",
                        "funcCode": "",
                        "id": 10,
                        "implateType": "2",
                        "leaf": "true",
                        "logoUrl": "",
                        "menuName": "(B11)超链接",
                        "menuOrder": 10,
                        "menuType": "SYSTEM",
                        "menuUrl": "view/baseElement/linkDemo.html",
                        "openType": "1",
                        "orderId": 10,
                        "parentId": "528",
                        "pkId": 10,
                        "state": 1,
                        "systemCode": "",
                        "systemId": 10,
                        "type": "menu"
                    },
                    {
                        "children": [],
                        "countMenu": "",
                        "funcCode": "",
                        "id": 11,
                        "implateType": "2",
                        "leaf": "true",
                        "logoUrl": "",
                        "menuName": "(B12)文本内容截取显示...",
                        "menuOrder": 11,
                        "menuType": "SYSTEM",
                        "menuUrl": "view/baseElement/textInterceptDemo.html",
                        "openType": "1",
                        "orderId": 11,
                        "parentId": "528",
                        "pkId": 11,
                        "state": 1,
                        "systemCode": "",
                        "systemId": 11,
                        "type": "menu"
                    },
                    {
                        "children": [],
                        "countMenu": "",
                        "funcCode": "",
                        "id": 12,
                        "implateType": "2",
                        "leaf": "true",
                        "logoUrl": "",
                        "menuName": "(B13)Loading",
                        "menuOrder": 12,
                        "menuType": "SYSTEM",
                        "menuUrl": "view/baseElement/loadingDemo.html",
                        "openType": "1",
                        "orderId": 12,
                        "parentId": "528",
                        "pkId": 12,
                        "state": 1,
                        "systemCode": "",
                        "systemId": 12,
                        "type": "menu"
                    },
                    {
                        "children": [],
                        "countMenu": "",
                        "funcCode": "",
                        "id": 13,
                        "implateType": "2",
                        "leaf": "true",
                        "logoUrl": "",
                        "menuName": "(B14)列表无数据",
                        "menuOrder": 13,
                        "menuType": "SYSTEM",
                        "menuUrl": "view/baseElement/listNoData.html",
                        "openType": "1",
                        "orderId": 13,
                        "parentId": "528",
                        "pkId": 13,
                        "state": 1,
                        "systemCode": "",
                        "systemId": 13,
                        "type": "menu"
                    },
                    {
                        "children": [],
                        "countMenu": "",
                        "funcCode": "",
                        "id": 14,
                        "implateType": "2",
                        "leaf": "true",
                        "logoUrl": "",
                        "menuName": "(B15)文字两端分散对齐",
                        "menuOrder": 14,
                        "menuType": "SYSTEM",
                        "menuUrl": "view/baseElement/textJustifyDome.html",
                        "openType": "1",
                        "orderId": 14,
                        "parentId": "528",
                        "pkId": 14,
                        "state": 1,
                        "systemCode": "",
                        "systemId": 14,
                        "type": "menu"
                    }
                ],
                "countMenu": "",
                "funcCode": "",
                "id": 0,
                "implateType": "2",
                "leaf": "false",
                "logoUrl": "./resources/images/common/B.png",
                "menuName": "基础元素(B)",
                "menuOrder": 0,
                "menuType": "SYSTEM",
                "menuUrl": "",
                "openType": "1",
                "orderId": 0,
                "parentId": "528",
                "pkId": 0,
                "state": 1,
                "systemCode": "",
                "systemId": 0,
                "type": "menu"
            },
            {
                "children": [
                    {
                        "children": [],
                        "countMenu": "",
                        "funcCode": "",
                        "id": 15,
                        "implateType": "2",
                        "leaf": "true",
                        "logoUrl": "",
                        "menuName": "(C03)横向Tab",
                        "menuOrder": 15,
                        "menuType": "SYSTEM",
                        "menuUrl": "view/control/tabRow.html",
                        "openType": "1",
                        "orderId": 15,
                        "parentId": "528",
                        "pkId": 15,
                        "state": 1,
                        "systemCode": "",
                        "systemId": 15,
                        "type": "menu"
                    },
                    {
                        "children": [],
                        "countMenu": "",
                        "funcCode": "",
                        "id": 16,
                        "implateType": "2",
                        "leaf": "true",
                        "logoUrl": "",
                        "menuName": "(C05)分页",
                        "menuOrder": 16,
                        "menuType": "SYSTEM",
                        "menuUrl": "view/control/pageDemo.html",
                        "openType": "1",
                        "orderId": 16,
                        "parentId": "528",
                        "pkId": 16,
                        "state": 1,
                        "systemCode": "",
                        "systemId": 16,
                        "type": "menu"
                    },
                    {
                        "children": [],
                        "countMenu": "",
                        "funcCode": "",
                        "id": 17,
                        "implateType": "2",
                        "leaf": "true",
                        "logoUrl": "",
                        "menuName": "(C07)消息气泡",
                        "menuOrder": 17,
                        "menuType": "SYSTEM",
                        "menuUrl": "view/control/bubbleDemo.html",
                        "openType": "1",
                        "orderId": 17,
                        "parentId": "528",
                        "pkId": 17,
                        "state": 1,
                        "systemCode": "",
                        "systemId": 17,
                        "type": "menu"
                    },
                    {
                        "children": [],
                        "countMenu": "",
                        "funcCode": "",
                        "id": 18,
                        "implateType": "2",
                        "leaf": "true",
                        "logoUrl": "",
                        "menuName": "(C10)列表组",
                        "menuOrder": 18,
                        "menuType": "SYSTEM",
                        "menuUrl": "view/control/listGroupDemo.html",
                        "openType": "1",
                        "orderId": 18,
                        "parentId": "528",
                        "pkId": 18,
                        "state": 1,
                        "systemCode": "",
                        "systemId": 18,
                        "type": "menu"
                    },
                    {
                        "children": [],
                        "countMenu": "",
                        "funcCode": "",
                        "id": 19,
                        "implateType": "2",
                        "leaf": "true",
                        "logoUrl": "",
                        "menuName": "(C12)提示工具",
                        "menuOrder": 19,
                        "menuType": "SYSTEM",
                        "menuUrl": "view/control/dialogDemo.html",
                        "openType": "1",
                        "orderId": 19,
                        "parentId": "528",
                        "pkId": 19,
                        "state": 1,
                        "systemCode": "",
                        "systemId": 19,
                        "type": "menu"
                    },
                    {
                        "children": [],
                        "countMenu": "",
                        "funcCode": "",
                        "id": 20,
                        "implateType": "2",
                        "leaf": "true",
                        "logoUrl": "",
                        "menuName": "(C13)折叠框",
                        "menuOrder": 20,
                        "menuType": "SYSTEM",
                        "menuUrl": "view/control/foldDemo.html",
                        "openType": "1",
                        "orderId": 20,
                        "parentId": "528",
                        "pkId": 20,
                        "state": 1,
                        "systemCode": "",
                        "systemId": 20,
                        "type": "menu"
                    },
                    {
                        "children": [],
                        "countMenu": "",
                        "funcCode": "",
                        "id": 21,
                        "implateType": "2",
                        "leaf": "true",
                        "logoUrl": "",
                        "menuName": "(C14)日期选择框",
                        "menuOrder": 21,
                        "menuType": "SYSTEM",
                        "menuUrl": "view/control/dateDemo.html",
                        "openType": "1",
                        "orderId": 21,
                        "parentId": "528",
                        "pkId": 21,
                        "state": 1,
                        "systemCode": "",
                        "systemId": 21,
                        "type": "menu"
                    },
                    {
                        "children": [],
                        "countMenu": "",
                        "funcCode": "",
                        "id": 22,
                        "implateType": "2",
                        "leaf": "true",
                        "logoUrl": "",
                        "menuName": "(C18)树形列表",
                        "menuOrder": 22,
                        "menuType": "SYSTEM",
                        "menuUrl": "view/control/treeDemo.html",
                        "openType": "1",
                        "orderId": 22,
                        "parentId": "528",
                        "pkId": 22,
                        "state": 1,
                        "systemCode": "",
                        "systemId": 22,
                        "type": "menu"
                    },
                    {
                        "children": [],
                        "countMenu": "",
                        "funcCode": "",
                        "id": 23,
                        "implateType": "2",
                        "leaf": "true",
                        "logoUrl": "",
                        "menuName": "(C19)弹出框",
                        "menuOrder": 23,
                        "menuType": "SYSTEM",
                        "menuUrl": "view/control/alertControl.html",
                        "openType": "1",
                        "orderId": 23,
                        "parentId": "528",
                        "pkId": 23,
                        "state": 1,
                        "systemCode": "",
                        "systemId": 23,
                        "type": "menu"
                    },
                    {
                        "children": [],
                        "countMenu": "",
                        "funcCode": "",
                        "id": 24,
                        "implateType": "2",
                        "leaf": "true",
                        "logoUrl": "",
                        "menuName": "(C20)表格数据拖拽排序",
                        "menuOrder": 24,
                        "menuType": "SYSTEM",
                        "menuUrl": "view/control/sortableDemo.html",
                        "openType": "1",
                        "orderId": 24,
                        "parentId": "528",
                        "pkId": 24,
                        "state": 1,
                        "systemCode": "",
                        "systemId": 24,
                        "type": "menu"
                    },
                    {
                        "children": [],
                        "countMenu": "",
                        "funcCode": "",
                        "id": 25,
                        "implateType": "2",
                        "leaf": "true",
                        "logoUrl": "",
                        "menuName": "(C21)拖拽添加数据集",
                        "menuOrder": 25,
                        "menuType": "SYSTEM",
                        "menuUrl": "view/control/dragDataDemo.html",
                        "openType": "1",
                        "orderId": 25,
                        "parentId": "528",
                        "pkId": 25,
                        "state": 1,
                        "systemCode": "",
                        "systemId": 25,
                        "type": "menu"
                    },
                    {
                        "children": [],
                        "countMenu": "",
                        "funcCode": "",
                        "id": 26,
                        "implateType": "2",
                        "leaf": "true",
                        "logoUrl": "",
                        "menuName": "(C22)字段验证",
                        "menuOrder": 26,
                        "menuType": "SYSTEM",
                        "menuUrl": "view/control/validDemo.html",
                        "openType": "1",
                        "orderId": 26,
                        "parentId": "528",
                        "pkId": 26,
                        "state": 1,
                        "systemCode": "",
                        "systemId": 26,
                        "type": "menu"
                    },
                    {
                        "children": [],
                        "countMenu": "",
                        "funcCode": "",
                        "id": 27,
                        "implateType": "2",
                        "leaf": "true",
                        "logoUrl": "",
                        "menuName": "(C23)轮播图",
                        "menuOrder": 27,
                        "menuType": "SYSTEM",
                        "menuUrl": "view/control/terseBannerDemo.html",
                        "openType": "1",
                        "orderId": 27,
                        "parentId": "528",
                        "pkId": 27,
                        "state": 1,
                        "systemCode": "",
                        "systemId": 27,
                        "type": "menu"
                    },
                    {
                        "children": [],
                        "countMenu": "",
                        "funcCode": "",
                        "id": 28,
                        "implateType": "2",
                        "leaf": "true",
                        "logoUrl": "",
                        "menuName": "(C24)文本编辑器",
                        "menuOrder": 28,
                        "menuType": "SYSTEM",
                        "menuUrl": "view/control/ueditorDemo.html",
                        "openType": "1",
                        "orderId": 28,
                        "parentId": "528",
                        "pkId": 28,
                        "state": 1,
                        "systemCode": "",
                        "systemId": 28,
                        "type": "menu"
                    },
                    {
                        "children": [],
                        "countMenu": "",
                        "funcCode": "",
                        "id": 29,
                        "implateType": "2",
                        "leaf": "true",
                        "logoUrl": "",
                        "menuName": "(C25)缩略图--居中裁",
                        "menuOrder": 29,
                        "menuType": "SYSTEM",
                        "menuUrl": "view/control/jqthumb.html",
                        "openType": "1",
                        "orderId": 29,
                        "parentId": "528",
                        "pkId": 29,
                        "state": 1,
                        "systemCode": "",
                        "systemId": 29,
                        "type": "menu"
                    },
                    {
                        "children": [],
                        "countMenu": "",
                        "funcCode": "",
                        "id": 30,
                        "implateType": "2",
                        "leaf": "true",
                        "logoUrl": "",
                        "menuName": "(C26)表格排序",
                        "menuOrder": 30,
                        "menuType": "SYSTEM",
                        "menuUrl": "view/control/tableDemo.html",
                        "openType": "1",
                        "orderId": 30,
                        "parentId": "528",
                        "pkId": 30,
                        "state": 1,
                        "systemCode": "",
                        "systemId": 30,
                        "type": "menu"
                    },
                    {
                        "children": [],
                        "countMenu": "",
                        "funcCode": "",
                        "id": 31,
                        "implateType": "2",
                        "leaf": "true",
                        "logoUrl": "",
                        "menuName": "(C27)加载更多",
                        "menuOrder": 31,
                        "menuType": "SYSTEM",
                        "menuUrl": "view/control/loadMoreDemo.html",
                        "openType": "1",
                        "orderId": 31,
                        "parentId": "528",
                        "pkId": 31,
                        "state": 1,
                        "systemCode": "",
                        "systemId": 31,
                        "type": "menu"
                    },
                    {
                        "children": [],
                        "countMenu": "",
                        "funcCode": "",
                        "id": 32,
                        "implateType": "2",
                        "leaf": "true",
                        "logoUrl": "",
                        "menuName": "(C28)表头筛选",
                        "menuOrder": 32,
                        "menuType": "SYSTEM",
                        "menuUrl": "view/control/theadQueryDemo.html",
                        "openType": "1",
                        "orderId": 32,
                        "parentId": "528",
                        "pkId": 32,
                        "state": 1,
                        "systemCode": "",
                        "systemId": 32,
                        "type": "menu"
                    },
                    {
                        "children": [],
                        "countMenu": "",
                        "funcCode": "",
                        "id": 33,
                        "implateType": "2",
                        "leaf": "true",
                        "logoUrl": "",
                        "menuName": "(C29)表格内编辑",
                        "menuOrder": 33,
                        "menuType": "SYSTEM",
                        "menuUrl": "view/control/tableRowEditDemo.html",
                        "openType": "1",
                        "orderId": 33,
                        "parentId": "528",
                        "pkId": 33,
                        "state": 1,
                        "systemCode": "",
                        "systemId": 33,
                        "type": "menu"
                    },
                    {
                        "children": [],
                        "countMenu": "",
                        "funcCode": "",
                        "id": 34,
                        "implateType": "2",
                        "leaf": "true",
                        "logoUrl": "",
                        "menuName": "(C30)树状图",
                        "menuOrder": 34,
                        "menuType": "SYSTEM",
                        "menuUrl": "view/control/easyUiTreeDemo.html",
                        "openType": "1",
                        "orderId": 34,
                        "parentId": "528",
                        "pkId": 34,
                        "state": 1,
                        "systemCode": "",
                        "systemId": 34,
                        "type": "menu"
                    }
                ],
                "countMenu": "",
                "funcCode": "",
                "id": 1,
                "implateType": "2",
                "leaf": "false",
                "logoUrl": "./resources/images/common/C.png",
                "menuName": "控件(C)",
                "menuOrder": 1,
                "menuType": "SYSTEM",
                "menuUrl": "",
                "openType": "1",
                "orderId": 1,
                "parentId": "528",
                "pkId": 1,
                "state": 1,
                "systemCode": "",
                "systemId": 1,
                "type": "menu"
            },
            {
                "children": [
                    {
                        "children": [],
                        "countMenu": "",
                        "funcCode": "",
                        "id": 35,
                        "implateType": "2",
                        "leaf": "true",
                        "logoUrl": "",
                        "menuName": "(G01)使用jQuery和ajax代替iframe",
                        "menuOrder": 35,
                        "menuType": "SYSTEM",
                        "menuUrl": "view/general/divIframeDemo.html",
                        "openType": "1",
                        "orderId": 35,
                        "parentId": "528",
                        "pkId": 35,
                        "state": 1,
                        "systemCode": "",
                        "systemId": 35,
                        "type": "menu"
                    },
                    {
                        "children": [],
                        "countMenu": "",
                        "funcCode": "",
                        "id": 36,
                        "implateType": "2",
                        "leaf": "true",
                        "logoUrl": "",
                        "menuName": "(G02)iframe嵌套框架页面跳转方式",
                        "menuOrder": 36,
                        "menuType": "SYSTEM",
                        "menuUrl": "view/general/iframeNesting.html",
                        "openType": "1",
                        "orderId": 36,
                        "parentId": "528",
                        "pkId": 36,
                        "state": 1,
                        "systemCode": "",
                        "systemId": 36,
                        "type": "menu"
                    },
                    {
                        "children": [],
                        "countMenu": "",
                        "funcCode": "",
                        "id": 37,
                        "implateType": "2",
                        "leaf": "true",
                        "logoUrl": "",
                        "menuName": "(G03)form表单设置值和取值方式",
                        "menuOrder": 37,
                        "menuType": "SYSTEM",
                        "menuUrl": "view/general/fromSetValGetVal.html",
                        "openType": "1",
                        "orderId": 37,
                        "parentId": "528",
                        "pkId": 37,
                        "state": 1,
                        "systemCode": "",
                        "systemId": 37,
                        "type": "menu"
                    }
                ],
                "countMenu": "",
                "funcCode": "",
                "id": 2,
                "implateType": "2",
                "leaf": "false",
                "logoUrl": "http://app.yitian-tech.com:8020/webCriterion/website/resources/images/common/G.png",
                "menuName": "通用(G)",
                "menuOrder": 2,
                "menuType": "SYSTEM",
                "menuUrl": "",
                "openType": "1",
                "orderId": 2,
                "parentId": "528",
                "pkId": 2,
                "state": 1,
                "systemCode": "",
                "systemId": 2,
                "type": "menu"
            },
            {
                "children": [
                    {
                        "children": [],
                        "countMenu": "",
                        "funcCode": "",
                        "id": 38,
                        "implateType": "2",
                        "leaf": "true",
                        "logoUrl": "",
                        "menuName": "(CB01)金额字段处理",
                        "menuOrder": 38,
                        "menuType": "SYSTEM",
                        "menuUrl": "view/conBusiness/moneyField.html",
                        "openType": "1",
                        "orderId": 38,
                        "parentId": "528",
                        "pkId": 38,
                        "state": 1,
                        "systemCode": "",
                        "systemId": 38,
                        "type": "menu"
                    },
                    {
                        "children": [],
                        "countMenu": "",
                        "funcCode": "",
                        "id": 39,
                        "implateType": "2",
                        "leaf": "true",
                        "logoUrl": "",
                        "menuName": "(CB02)字段空值处理",
                        "menuOrder": 39,
                        "menuType": "SYSTEM",
                        "menuUrl": "view/conBusiness/fieldEmpty.html",
                        "openType": "1",
                        "orderId": 39,
                        "parentId": "528",
                        "pkId": 39,
                        "state": 1,
                        "systemCode": "",
                        "systemId": 39,
                        "type": "menu"
                    },
                    {
                        "children": [],
                        "countMenu": "",
                        "funcCode": "",
                        "id": 40,
                        "implateType": "2",
                        "leaf": "true",
                        "logoUrl": "",
                        "menuName": "(CB03)数字字段处理",
                        "menuOrder": 40,
                        "menuType": "SYSTEM",
                        "menuUrl": "view/conBusiness/numberField.html",
                        "openType": "1",
                        "orderId": 40,
                        "parentId": "528",
                        "pkId": 40,
                        "state": 1,
                        "systemCode": "",
                        "systemId": 40,
                        "type": "menu"
                    },
                    {
                        "children": [],
                        "countMenu": "",
                        "funcCode": "",
                        "id": 41,
                        "implateType": "2",
                        "leaf": "true",
                        "logoUrl": "",
                        "menuName": "(CB04)列表数据显示规则",
                        "menuOrder": 41,
                        "menuType": "SYSTEM",
                        "menuUrl": "view/conBusiness/listDisplay.html",
                        "openType": "1",
                        "orderId": 41,
                        "parentId": "528",
                        "pkId": 41,
                        "state": 1,
                        "systemCode": "",
                        "systemId": 41,
                        "type": "menu"
                    },
                    {
                        "children": [],
                        "countMenu": "",
                        "funcCode": "",
                        "id": 42,
                        "implateType": "2",
                        "leaf": "true",
                        "logoUrl": "",
                        "menuName": "(CB05)弹出框表单字段初始化设置",
                        "menuOrder": 42,
                        "menuType": "SYSTEM",
                        "menuUrl": "view/conBusiness/popupInitialization.html",
                        "openType": "1",
                        "orderId": 42,
                        "parentId": "528",
                        "pkId": 42,
                        "state": 1,
                        "systemCode": "",
                        "systemId": 42,
                        "type": "menu"
                    },
                    {
                        "children": [],
                        "countMenu": "",
                        "funcCode": "",
                        "id": 43,
                        "implateType": "2",
                        "leaf": "true",
                        "logoUrl": "",
                        "menuName": "(CB06)表单数据未保存提示",
                        "menuOrder": 43,
                        "menuType": "SYSTEM",
                        "menuUrl": "view/conBusiness/formDataUnsaved.html",
                        "openType": "1",
                        "orderId": 43,
                        "parentId": "528",
                        "pkId": 43,
                        "state": 1,
                        "systemCode": "",
                        "systemId": 43,
                        "type": "menu"
                    },
                    {
                        "children": [],
                        "countMenu": "",
                        "funcCode": "",
                        "id": 44,
                        "implateType": "2",
                        "leaf": "true",
                        "logoUrl": "",
                        "menuName": "(CB07)功能按钮操作禁用",
                        "menuOrder": 44,
                        "menuType": "SYSTEM",
                        "menuUrl": "view/conBusiness/buttonDisable.html",
                        "openType": "1",
                        "orderId": 44,
                        "parentId": "528",
                        "pkId": 44,
                        "state": 1,
                        "systemCode": "",
                        "systemId": 44,
                        "type": "menu"
                    },
                    {
                        "children": [],
                        "countMenu": "",
                        "funcCode": "",
                        "id": 45,
                        "implateType": "2",
                        "leaf": "true",
                        "logoUrl": "",
                        "menuName": "(CB08)表单验证,定位滚动条位置",
                        "menuOrder": 45,
                        "menuType": "SYSTEM",
                        "menuUrl": "view/conBusiness/scrollBar.html",
                        "openType": "1",
                        "orderId": 45,
                        "parentId": "528",
                        "pkId": 45,
                        "state": 1,
                        "systemCode": "",
                        "systemId": 45,
                        "type": "menu"
                    }
                ],
                "countMenu": "",
                "funcCode": "",
                "id": 3,
                "implateType": "2",
                "leaf": "false",
                "logoUrl": "./resources/images/common/CB.png",
                "menuName": "常规业务规范(CB)",
                "menuOrder": 3,
                "menuType": "SYSTEM",
                "menuUrl": "",
                "openType": "1",
                "orderId": 3,
                "parentId": "528",
                "pkId": 3,
                "state": 1,
                "systemCode": "",
                "systemId": 3,
                "type": "menu"
            }
        ],
        "id": 0,
        "leaf": false
    },
    "flag": 0,
    "message": ""
}