{
    "data":[
        {
            "dictTypeCode":"B",
            "disvalue":"基础元素",
            "parentDisvalue":"",
            "parentTypeCode":"0",
            "seq":".B.",
            "sort":1,
            "status":1
        },
        {
            "dictTypeCode":"B01",
            "disvalue":"输入文本框",
            "parentDisvalue":"基础元素",
            "parentTypeCode":"B",
            "seq":".B.B01.",
            "sort":1,
            "status":1
        },
        {
            "dictTypeCode":"B02",
            "disvalue":"下拉列表",
            "parentDisvalue":"基础元素",
            "parentTypeCode":"B",
            "seq":".B.B02.",
            "sort":1,
            "status":1
        },
        {
            "dictTypeCode":"B03",
            "disvalue":"按钮",
            "parentDisvalue":"基础元素",
            "parentTypeCode":"B",
            "seq":".B.B03.",
            "sort":1,
            "status":1
        },
        {
            "dictTypeCode":"B04",
            "disvalue":"表格",
            "parentDisvalue":"基础元素",
            "parentTypeCode":"B",
            "seq":".B.B04.",
            "sort":1,
            "status":1
        },
        {
            "dictTypeCode":"B05",
            "disvalue":"单选按钮",
            "parentDisvalue":"基础元素",
            "parentTypeCode":"B",
            "seq":".B.B05.",
            "sort":1,
            "status":1
        },
        {
            "dictTypeCode":"B06",
            "disvalue":"多选按钮",
            "parentDisvalue":"基础元素",
            "parentTypeCode":"B",
            "seq":".B.B06.",
            "sort":1,
            "status":1
        },
        {
            "dictTypeCode":"C",
            "disvalue":"控件",
            "parentDisvalue":"",
            "parentTypeCode":"0",
            "seq":".C.",
            "sort":1,
            "status":1
        },
        {
            "dictTypeCode":"C01",
            "disvalue":"横向Tab",
            "parentDisvalue":"控件",
            "parentTypeCode":"C",
            "seq":".C.C01.",
            "sort":1,
            "status":1
        },
        {
            "dictTypeCode":"C02",
            "disvalue":"分页",
            "parentDisvalue":"控件",
            "parentTypeCode":"C",
            "seq":".C.C02.",
            "sort":1,
            "status":1
        },
        {
            "dictTypeCode":"G",
            "disvalue":"通用",
            "parentDisvalue":"",
            "parentTypeCode":"0",
            "seq":".G.",
            "sort":1,
            "status":1
        },
        {
            "dictTypeCode":"G01",
            "disvalue":"使用jQuery和ajax代替iframe",
            "parentDisvalue":"通用",
            "parentTypeCode":"G",
            "seq":".G.G01.",
            "sort":1,
            "status":1
        },
        {
            "dictTypeCode":"CB",
            "disvalue":"常规业务规范",
            "parentDisvalue":"",
            "parentTypeCode":"0",
            "seq":".CB.",
            "sort":1,
            "status":1
        },
        {
            "dictTypeCode":"CB01",
            "disvalue":"金额字段处理",
            "parentDisvalue":"常规业务规范",
            "parentTypeCode":"CB",
            "seq":".CB.CB01.",
            "sort":1,
            "status":1
        }
       
    ],
    "flag":0,
    "message":"获取字典数据成功！"
}