{
    "data":{
        "rightTableKeyList":[
            {
                "specialCode":"SC_Z3100",
                "subCode":"001",
                "subName":"测试数据001",
                "tableDictCode":"UNIT_NUM"
            }
        ],
        "tableKeyList":[
            {
                "children":[
                    {
                        "checked":false,
                        "id":"368F26",
                        "sortId":2,
                        "subCode":"368F26",
                        "subName":"天津市疾病预防控制中心",
                        "tableDictCode":"UNIT_NUM",
                        "text":"天津市疾病预防控制中心"
                    },
                    {
                        "checked":false,
                        "id":"051",
                        "sortId":3,
                        "subCode":"051",
                        "subName":"中科倚天",
                        "tableDictCode":"UNIT_NUM",
                        "text":"中科倚天"
                    },
                    {
                        "checked":false,
                        "id":"041",
                        "sortId":4,
                        "subCode":"041",
                        "subName":"国务院国有资产管理委员会干部教育中心",
                        "tableDictCode":"UNIT_NUM",
                        "text":"国务院国有资产管理委员会干部教育中心"
                    },
                    {
                        "checked":true,
                        "id":"001",
                        "sortId":5,
                        "subCode":"001",
                        "subName":"测试数据001",
                        "tableDictCode":"UNIT_NUM",
                        "text":"测试数据001"
                    },
                    {
                        "checked":false,
                        "id":"002",
                        "sortId":6,
                        "subCode":"002",
                        "subName":"地方阿斯顿发",
                        "tableDictCode":"UNIT_NUM",
                        "text":"地方阿斯顿发"
                    }
                ],
                "disValue":"单位编码",
                "id":"UNIT_NUM",
                "tableDictCode":"UNIT_NUM",
                "tableKey":"coso_classify_unit_main",
                "text":"单位编码"
            },
            {
                "children":[
                    {
                        "checked":false,
                        "id":"1",
                        "sortId":1,
                        "subCode":"1",
                        "subName":"一上",
                        "tableDictCode":"BUDGET_STAGE",
                        "text":"一上"
                    },
                    {
                        "checked":false,
                        "id":"2",
                        "sortId":2,
                        "subCode":"2",
                        "subName":"一下",
                        "tableDictCode":"BUDGET_STAGE",
                        "text":"一下"
                    },
                    {
                        "checked":false,
                        "id":"3",
                        "sortId":3,
                        "subCode":"3",
                        "subName":"二上",
                        "tableDictCode":"BUDGET_STAGE",
                        "text":"二上"
                    },
                    {
                        "checked":false,
                        "id":"4",
                        "sortId":4,
                        "subCode":"4",
                        "subName":"二下",
                        "tableDictCode":"BUDGET_STAGE",
                        "text":"二下"
                    },
                    {
                        "checked":false,
                        "id":"5",
                        "sortId":26,
                        "subCode":"5",
                        "subName":"三上",
                        "tableDictCode":"BUDGET_STAGE",
                        "text":"三上"
                    },
                    {
                        "checked":false,
                        "id":"9",
                        "sortId":27,
                        "subCode":"9",
                        "subName":"三下",
                        "tableDictCode":"BUDGET_STAGE",
                        "text":"三下"
                    },
                    {
                        "checked":false,
                        "id":"10",
                        "sortId":28,
                        "subCode":"10",
                        "subName":"三上",
                        "tableDictCode":"BUDGET_STAGE",
                        "text":"三上"
                    },
                    {
                        "checked":false,
                        "id":"11",
                        "sortId":29,
                        "subCode":"11",
                        "subName":"三上",
                        "tableDictCode":"BUDGET_STAGE",
                        "text":"三上"
                    },
                    {
                        "checked":false,
                        "id":"13",
                        "sortId":31,
                        "subCode":"13",
                        "subName":"一上",
                        "tableDictCode":"BUDGET_STAGE",
                        "text":"一上"
                    },
                    {
                        "checked":false,
                        "id":"14",
                        "sortId":32,
                        "subCode":"14",
                        "subName":"一上",
                        "tableDictCode":"BUDGET_STAGE",
                        "text":"一上"
                    },
                    {
                        "checked":false,
                        "id":"15",
                        "sortId":34,
                        "subCode":"15",
                        "subName":"五下",
                        "tableDictCode":"BUDGET_STAGE",
                        "text":"五下"
                    },
                    {
                        "checked":false,
                        "id":"041",
                        "sortId":35,
                        "subCode":"041",
                        "subName":"国务院国有资产管理委员会干部教育中心",
                        "tableDictCode":"BUDGET_STAGE",
                        "text":"国务院国有资产管理委员会干部教育中心"
                    },
                    {
                        "checked":false,
                        "id":"051",
                        "sortId":36,
                        "subCode":"051",
                        "subName":"中科倚天",
                        "tableDictCode":"BUDGET_STAGE",
                        "text":"中科倚天"
                    },
                    {
                        "checked":false,
                        "id":"001",
                        "sortId":37,
                        "subCode":"001",
                        "subName":"测试数据001",
                        "tableDictCode":"BUDGET_STAGE",
                        "text":"测试数据001"
                    },
                    {
                        "checked":false,
                        "id":"002",
                        "sortId":38,
                        "subCode":"002",
                        "subName":"地方阿斯顿发",
                        "tableDictCode":"BUDGET_STAGE",
                        "text":"地方阿斯顿发"
                    }
                ],
                "disValue":"预算阶段",
                "id":"BUDGET_STAGE",
                "tableDictCode":"BUDGET_STAGE",
                "tableKey":"coso_classify_budget_stage",
                "text":"预算阶段"
            },
            {
                "children":[
                    {
                        "checked":false,
                        "id":"A01",
                        "sortId":1,
                        "subCode":"A01",
                        "subName":"收入",
                        "tableDictCode":"BUDGET_TYPE",
                        "text":"收入"
                    },
                    {
                        "checked":false,
                        "id":"A02",
                        "sortId":2,
                        "subCode":"A02",
                        "subName":"支出",
                        "tableDictCode":"BUDGET_TYPE",
                        "text":"支出"
                    },
                    {
                        "checked":false,
                        "id":"A03",
                        "sortId":3,
                        "subCode":"A03",
                        "subName":"收入支出",
                        "tableDictCode":"BUDGET_TYPE",
                        "text":"收入支出"
                    },
                    {
                        "checked":false,
                        "id":"041",
                        "sortId":4,
                        "subCode":"041",
                        "subName":"国务院国有资产管理委员会干部教育中心",
                        "tableDictCode":"BUDGET_TYPE",
                        "text":"国务院国有资产管理委员会干部教育中心"
                    },
                    {
                        "checked":false,
                        "id":"051",
                        "sortId":5,
                        "subCode":"051",
                        "subName":"中科倚天",
                        "tableDictCode":"BUDGET_TYPE",
                        "text":"中科倚天"
                    },
                    {
                        "checked":false,
                        "id":"A04",
                        "sortId":6,
                        "subCode":"A04",
                        "subName":"查询",
                        "tableDictCode":"BUDGET_TYPE",
                        "text":"查询"
                    }
                ],
                "disValue":"预算类型",
                "id":"BUDGET_TYPE",
                "tableDictCode":"BUDGET_TYPE",
                "tableKey":"coso_classify_budget_type",
                "text":"预算类型"
            },
            {
                "children":[
                    {
                        "checked":false,
                        "id":"801",
                        "sortId":1,
                        "subCode":"801",
                        "subName":"财政拨款",
                        "tableDictCode":"RECEIPTS_CLASSIFY",
                        "text":"财政拨款"
                    },
                    {
                        "checked":false,
                        "id":"80101",
                        "sortId":2,
                        "subCode":"80101",
                        "subName":"经费拨款",
                        "tableDictCode":"RECEIPTS_CLASSIFY",
                        "text":"经费拨款"
                    },
                    {
                        "checked":false,
                        "id":"80103",
                        "sortId":4,
                        "subCode":"80103",
                        "subName":"纳入预算管理的行政事业性收费拨款",
                        "tableDictCode":"RECEIPTS_CLASSIFY",
                        "text":"纳入预算管理的行政事业性收费拨款"
                    },
                    {
                        "checked":false,
                        "id":"80104",
                        "sortId":5,
                        "subCode":"80104",
                        "subName":"政府性基金拨款",
                        "tableDictCode":"RECEIPTS_CLASSIFY",
                        "text":"政府性基金拨款"
                    },
                    {
                        "checked":false,
                        "id":"802",
                        "sortId":6,
                        "subCode":"802",
                        "subName":"事业收入",
                        "tableDictCode":"RECEIPTS_CLASSIFY",
                        "text":"事业收入"
                    },
                    {
                        "checked":false,
                        "id":"80201",
                        "sortId":7,
                        "subCode":"80201",
                        "subName":"纳入财政专户的行政事业性收费拨款",
                        "tableDictCode":"RECEIPTS_CLASSIFY",
                        "text":"纳入财政专户的行政事业性收费拨款"
                    },
                    {
                        "checked":false,
                        "id":"803",
                        "sortId":8,
                        "subCode":"803",
                        "subName":"上级补助收入",
                        "tableDictCode":"RECEIPTS_CLASSIFY",
                        "text":"上级补助收入"
                    },
                    {
                        "checked":false,
                        "id":"804",
                        "sortId":9,
                        "subCode":"804",
                        "subName":"附属单位上缴收入",
                        "tableDictCode":"RECEIPTS_CLASSIFY",
                        "text":"附属单位上缴收入"
                    },
                    {
                        "checked":false,
                        "id":"805",
                        "sortId":10,
                        "subCode":"805",
                        "subName":"经营收入",
                        "tableDictCode":"RECEIPTS_CLASSIFY",
                        "text":"经营收入"
                    },
                    {
                        "checked":false,
                        "id":"806",
                        "sortId":11,
                        "subCode":"806",
                        "subName":"其他收入",
                        "tableDictCode":"RECEIPTS_CLASSIFY",
                        "text":"其他收入"
                    },
                    {
                        "checked":false,
                        "id":"807",
                        "sortId":12,
                        "subCode":"807",
                        "subName":"用事业基金弥补收支差额",
                        "tableDictCode":"RECEIPTS_CLASSIFY",
                        "text":"用事业基金弥补收支差额"
                    },
                    {
                        "checked":false,
                        "id":"808",
                        "sortId":13,
                        "subCode":"808",
                        "subName":"结转和结余",
                        "tableDictCode":"RECEIPTS_CLASSIFY",
                        "text":"结转和结余"
                    },
                    {
                        "checked":false,
                        "id":"80801",
                        "sortId":14,
                        "subCode":"80801",
                        "subName":"结转",
                        "tableDictCode":"RECEIPTS_CLASSIFY",
                        "text":"结转"
                    },
                    {
                        "checked":false,
                        "id":"8080101",
                        "sortId":15,
                        "subCode":"8080101",
                        "subName":"财政拨款结转",
                        "tableDictCode":"RECEIPTS_CLASSIFY",
                        "text":"财政拨款结转"
                    },
                    {
                        "checked":false,
                        "id":"80802",
                        "sortId":16,
                        "subCode":"80802",
                        "subName":"结余",
                        "tableDictCode":"RECEIPTS_CLASSIFY",
                        "text":"结余"
                    },
                    {
                        "checked":false,
                        "id":"8080201",
                        "sortId":17,
                        "subCode":"8080201",
                        "subName":"财政拨款结余",
                        "tableDictCode":"RECEIPTS_CLASSIFY",
                        "text":"财政拨款结余"
                    },
                    {
                        "checked":false,
                        "id":"80899",
                        "sortId":18,
                        "subCode":"80899",
                        "subName":"其他结转和结余",
                        "tableDictCode":"RECEIPTS_CLASSIFY",
                        "text":"其他结转和结余"
                    },
                    {
                        "checked":false,
                        "id":"899",
                        "sortId":19,
                        "subCode":"899",
                        "subName":"其他收入",
                        "tableDictCode":"RECEIPTS_CLASSIFY",
                        "text":"其他收入"
                    },
                    {
                        "checked":false,
                        "id":"041",
                        "sortId":22,
                        "subCode":"041",
                        "subName":"国务院国有资产管理委员会干部教育中心",
                        "tableDictCode":"RECEIPTS_CLASSIFY",
                        "text":"国务院国有资产管理委员会干部教育中心"
                    },
                    {
                        "checked":false,
                        "id":"051",
                        "sortId":23,
                        "subCode":"051",
                        "subName":"中科倚天",
                        "tableDictCode":"RECEIPTS_CLASSIFY",
                        "text":"中科倚天"
                    },
                    {
                        "checked":false,
                        "id":"002",
                        "sortId":25,
                        "subCode":"002",
                        "subName":"地方阿斯顿发",
                        "tableDictCode":"RECEIPTS_CLASSIFY",
                        "text":"地方阿斯顿发"
                    }
                ],
                "disValue":"收入分类",
                "id":"RECEIPTS_CLASSIFY",
                "tableDictCode":"RECEIPTS_CLASSIFY",
                "tableKey":"coso_classify_receipts_source",
                "text":"收入分类"
            },
            {
                "children":[
                    {
                        "checked":false,
                        "id":"208",
                        "sortId":1,
                        "subCode":"208",
                        "subName":"社会保障和就业支出",
                        "tableDictCode":"FUN_SUB_CLASSIFY",
                        "text":"社会保障和就业支出"
                    },
                    {
                        "checked":false,
                        "id":"20805",
                        "sortId":2,
                        "subCode":"20805",
                        "subName":"行政事业单位离退休",
                        "tableDictCode":"FUN_SUB_CLASSIFY",
                        "text":"行政事业单位离退休"
                    },
                    {
                        "checked":false,
                        "id":"2080505",
                        "sortId":3,
                        "subCode":"2080505",
                        "subName":"机关事业单位基本养老保险缴费支出",
                        "tableDictCode":"FUN_SUB_CLASSIFY",
                        "text":"机关事业单位基本养老保险缴费支出"
                    },
                    {
                        "checked":false,
                        "id":"2080506",
                        "sortId":4,
                        "subCode":"2080506",
                        "subName":"机关事业单位职业年金缴费支出",
                        "tableDictCode":"FUN_SUB_CLASSIFY",
                        "text":"机关事业单位职业年金缴费支出"
                    },
                    {
                        "checked":false,
                        "id":"210",
                        "sortId":5,
                        "subCode":"210",
                        "subName":"医疗卫生与计划生育支出",
                        "tableDictCode":"FUN_SUB_CLASSIFY",
                        "text":"医疗卫生与计划生育支出"
                    },
                    {
                        "checked":false,
                        "id":"21004",
                        "sortId":6,
                        "subCode":"21004",
                        "subName":"公共卫生",
                        "tableDictCode":"FUN_SUB_CLASSIFY",
                        "text":"公共卫生"
                    },
                    {
                        "checked":false,
                        "id":"2100401",
                        "sortId":7,
                        "subCode":"2100401",
                        "subName":"疾病预防控制机构",
                        "tableDictCode":"FUN_SUB_CLASSIFY",
                        "text":"疾病预防控制机构"
                    },
                    {
                        "checked":false,
                        "id":"21011",
                        "sortId":8,
                        "subCode":"21011",
                        "subName":"行政事业单位医疗",
                        "tableDictCode":"FUN_SUB_CLASSIFY",
                        "text":"行政事业单位医疗"
                    },
                    {
                        "checked":false,
                        "id":"2101102",
                        "sortId":9,
                        "subCode":"2101102",
                        "subName":"事业单位医疗",
                        "tableDictCode":"FUN_SUB_CLASSIFY",
                        "text":"事业单位医疗"
                    },
                    {
                        "checked":false,
                        "id":"2101199",
                        "sortId":10,
                        "subCode":"2101199",
                        "subName":"其他行政事业单位医疗支出",
                        "tableDictCode":"FUN_SUB_CLASSIFY",
                        "text":"其他行政事业单位医疗支出"
                    },
                    {
                        "checked":false,
                        "id":"80105",
                        "sortId":11,
                        "subCode":"80105",
                        "subName":"测试111",
                        "tableDictCode":"FUN_SUB_CLASSIFY",
                        "text":"测试111"
                    },
                    {
                        "checked":false,
                        "id":"041",
                        "sortId":12,
                        "subCode":"041",
                        "subName":"国务院国有资产管理委员会干部教育中心",
                        "tableDictCode":"FUN_SUB_CLASSIFY",
                        "text":"国务院国有资产管理委员会干部教育中心"
                    },
                    {
                        "checked":false,
                        "id":"051",
                        "sortId":13,
                        "subCode":"051",
                        "subName":"中科倚天",
                        "tableDictCode":"FUN_SUB_CLASSIFY",
                        "text":"中科倚天"
                    },
                    {
                        "checked":false,
                        "id":"001",
                        "sortId":14,
                        "subCode":"001",
                        "subName":"测试数据001",
                        "tableDictCode":"FUN_SUB_CLASSIFY",
                        "text":"测试数据001"
                    },
                    {
                        "checked":false,
                        "id":"002",
                        "sortId":15,
                        "subCode":"002",
                        "subName":"地方阿斯顿发",
                        "tableDictCode":"FUN_SUB_CLASSIFY",
                        "text":"地方阿斯顿发"
                    }
                ],
                "disValue":"支出功能分类",
                "id":"FUN_SUB_CLASSIFY",
                "tableDictCode":"FUN_SUB_CLASSIFY",
                "tableKey":"coso_classify_expenses_fun",
                "text":"支出功能分类"
            },
            {
                "children":[
                    {
                        "checked":false,
                        "id":"301",
                        "sortId":1,
                        "subCode":"301",
                        "subName":"工资福利支出",
                        "tableDictCode":"EXPENSES_ECONOMICS_CLASSIFY",
                        "text":"工资福利支出"
                    },
                    {
                        "checked":false,
                        "id":"30101",
                        "sortId":2,
                        "subCode":"30101",
                        "subName":"基本工资",
                        "tableDictCode":"EXPENSES_ECONOMICS_CLASSIFY",
                        "text":"基本工资"
                    },
                    {
                        "checked":false,
                        "id":"30102",
                        "sortId":3,
                        "subCode":"30102",
                        "subName":"津贴补贴",
                        "tableDictCode":"EXPENSES_ECONOMICS_CLASSIFY",
                        "text":"津贴补贴"
                    },
                    {
                        "checked":false,
                        "id":"30103",
                        "sortId":4,
                        "subCode":"30103",
                        "subName":"奖金",
                        "tableDictCode":"EXPENSES_ECONOMICS_CLASSIFY",
                        "text":"奖金"
                    },
                    {
                        "checked":false,
                        "id":"30107",
                        "sortId":5,
                        "subCode":"30107",
                        "subName":"绩效工资",
                        "tableDictCode":"EXPENSES_ECONOMICS_CLASSIFY",
                        "text":"绩效工资"
                    },
                    {
                        "checked":false,
                        "id":"30108",
                        "sortId":6,
                        "subCode":"30108",
                        "subName":"机关事业单位基本养老保险费",
                        "tableDictCode":"EXPENSES_ECONOMICS_CLASSIFY",
                        "text":"机关事业单位基本养老保险费"
                    },
                    {
                        "checked":false,
                        "id":"30110",
                        "sortId":7,
                        "subCode":"30110",
                        "subName":"职工基本医疗保险缴费",
                        "tableDictCode":"EXPENSES_ECONOMICS_CLASSIFY",
                        "text":"职工基本医疗保险缴费"
                    },
                    {
                        "checked":false,
                        "id":"30112",
                        "sortId":8,
                        "subCode":"30112",
                        "subName":"其他社会保障缴费",
                        "tableDictCode":"EXPENSES_ECONOMICS_CLASSIFY",
                        "text":"其他社会保障缴费"
                    },
                    {
                        "checked":false,
                        "id":"3011201",
                        "sortId":9,
                        "subCode":"3011201",
                        "subName":"失业保险",
                        "tableDictCode":"EXPENSES_ECONOMICS_CLASSIFY",
                        "text":"失业保险"
                    },
                    {
                        "checked":false,
                        "id":"3011202",
                        "sortId":10,
                        "subCode":"3011202",
                        "subName":"工伤保险",
                        "tableDictCode":"EXPENSES_ECONOMICS_CLASSIFY",
                        "text":"工伤保险"
                    },
                    {
                        "checked":false,
                        "id":"3011203",
                        "sortId":11,
                        "subCode":"3011203",
                        "subName":"生育保险",
                        "tableDictCode":"EXPENSES_ECONOMICS_CLASSIFY",
                        "text":"生育保险"
                    },
                    {
                        "checked":false,
                        "id":"3011299",
                        "sortId":12,
                        "subCode":"3011299",
                        "subName":"其他缴费",
                        "tableDictCode":"EXPENSES_ECONOMICS_CLASSIFY",
                        "text":"其他缴费"
                    },
                    {
                        "checked":false,
                        "id":"30109",
                        "sortId":13,
                        "subCode":"30109",
                        "subName":"职业年金缴费",
                        "tableDictCode":"EXPENSES_ECONOMICS_CLASSIFY",
                        "text":"职业年金缴费"
                    },
                    {
                        "checked":false,
                        "id":"30106",
                        "sortId":14,
                        "subCode":"30106",
                        "subName":"伙食补助费",
                        "tableDictCode":"EXPENSES_ECONOMICS_CLASSIFY",
                        "text":"伙食补助费"
                    },
                    {
                        "checked":false,
                        "id":"30199",
                        "sortId":15,
                        "subCode":"30199",
                        "subName":"其他工资福利支出",
                        "tableDictCode":"EXPENSES_ECONOMICS_CLASSIFY",
                        "text":"其他工资福利支出"
                    },
                    {
                        "checked":false,
                        "id":"303",
                        "sortId":16,
                        "subCode":"303",
                        "subName":"对个人和家庭的补助",
                        "tableDictCode":"EXPENSES_ECONOMICS_CLASSIFY",
                        "text":"对个人和家庭的补助"
                    },
                    {
                        "checked":false,
                        "id":"30301",
                        "sortId":17,
                        "subCode":"30301",
                        "subName":"离休费",
                        "tableDictCode":"EXPENSES_ECONOMICS_CLASSIFY",
                        "text":"离休费"
                    },
                    {
                        "checked":false,
                        "id":"30302",
                        "sortId":18,
                        "subCode":"30302",
                        "subName":"退休费",
                        "tableDictCode":"EXPENSES_ECONOMICS_CLASSIFY",
                        "text":"退休费"
                    },
                    {
                        "checked":false,
                        "id":"30303",
                        "sortId":19,
                        "subCode":"30303",
                        "subName":"退职（役）费",
                        "tableDictCode":"EXPENSES_ECONOMICS_CLASSIFY",
                        "text":"退职（役）费"
                    },
                    {
                        "checked":false,
                        "id":"30304",
                        "sortId":20,
                        "subCode":"30304",
                        "subName":"抚恤金",
                        "tableDictCode":"EXPENSES_ECONOMICS_CLASSIFY",
                        "text":"抚恤金"
                    },
                    {
                        "checked":false,
                        "id":"30305",
                        "sortId":21,
                        "subCode":"30305",
                        "subName":"生活补助",
                        "tableDictCode":"EXPENSES_ECONOMICS_CLASSIFY",
                        "text":"生活补助"
                    },
                    {
                        "checked":false,
                        "id":"30306",
                        "sortId":22,
                        "subCode":"30306",
                        "subName":"救济费",
                        "tableDictCode":"EXPENSES_ECONOMICS_CLASSIFY",
                        "text":"救济费"
                    },
                    {
                        "checked":false,
                        "id":"30307",
                        "sortId":23,
                        "subCode":"30307",
                        "subName":"医疗费补助",
                        "tableDictCode":"EXPENSES_ECONOMICS_CLASSIFY",
                        "text":"医疗费补助"
                    },
                    {
                        "checked":false,
                        "id":"3030701",
                        "sortId":24,
                        "subCode":"3030701",
                        "subName":"离休医疗费",
                        "tableDictCode":"EXPENSES_ECONOMICS_CLASSIFY",
                        "text":"离休医疗费"
                    },
                    {
                        "checked":false,
                        "id":"3030702",
                        "sortId":25,
                        "subCode":"3030702",
                        "subName":"在职及退休医疗费",
                        "tableDictCode":"EXPENSES_ECONOMICS_CLASSIFY",
                        "text":"在职及退休医疗费"
                    },
                    {
                        "checked":false,
                        "id":"30308",
                        "sortId":26,
                        "subCode":"30308",
                        "subName":"助学金",
                        "tableDictCode":"EXPENSES_ECONOMICS_CLASSIFY",
                        "text":"助学金"
                    },
                    {
                        "checked":false,
                        "id":"30309",
                        "sortId":27,
                        "subCode":"30309",
                        "subName":"奖励金",
                        "tableDictCode":"EXPENSES_ECONOMICS_CLASSIFY",
                        "text":"奖励金"
                    },
                    {
                        "checked":false,
                        "id":"30399",
                        "sortId":28,
                        "subCode":"30399",
                        "subName":"其他对个人和家庭的补助",
                        "tableDictCode":"EXPENSES_ECONOMICS_CLASSIFY",
                        "text":"其他对个人和家庭的补助"
                    },
                    {
                        "checked":false,
                        "id":"30398",
                        "sortId":29,
                        "subCode":"30398",
                        "subName":"住房补贴",
                        "tableDictCode":"EXPENSES_ECONOMICS_CLASSIFY",
                        "text":"住房补贴"
                    },
                    {
                        "checked":false,
                        "id":"3039801",
                        "sortId":30,
                        "subCode":"3039801",
                        "subName":"住房公积金",
                        "tableDictCode":"EXPENSES_ECONOMICS_CLASSIFY",
                        "text":"住房公积金"
                    },
                    {
                        "checked":false,
                        "id":"3039802",
                        "sortId":31,
                        "subCode":"3039802",
                        "subName":"购房补贴",
                        "tableDictCode":"EXPENSES_ECONOMICS_CLASSIFY",
                        "text":"购房补贴"
                    },
                    {
                        "checked":false,
                        "id":"3039803",
                        "sortId":32,
                        "subCode":"3039803",
                        "subName":"提租补贴",
                        "tableDictCode":"EXPENSES_ECONOMICS_CLASSIFY",
                        "text":"提租补贴"
                    },
                    {
                        "checked":false,
                        "id":"30397",
                        "sortId":33,
                        "subCode":"30397",
                        "subName":"采暖补贴",
                        "tableDictCode":"EXPENSES_ECONOMICS_CLASSIFY",
                        "text":"采暖补贴"
                    },
                    {
                        "checked":false,
                        "id":"30396",
                        "sortId":34,
                        "subCode":"30396",
                        "subName":"物业服务补贴",
                        "tableDictCode":"EXPENSES_ECONOMICS_CLASSIFY",
                        "text":"物业服务补贴"
                    },
                    {
                        "checked":false,
                        "id":"302",
                        "sortId":35,
                        "subCode":"302",
                        "subName":"商品和服务支出（公用经费）",
                        "tableDictCode":"EXPENSES_ECONOMICS_CLASSIFY",
                        "text":"商品和服务支出（公用经费）"
                    },
                    {
                        "checked":false,
                        "id":"30201",
                        "sortId":36,
                        "subCode":"30201",
                        "subName":"办公费",
                        "tableDictCode":"EXPENSES_ECONOMICS_CLASSIFY",
                        "text":"办公费"
                    },
                    {
                        "checked":false,
                        "id":"30202",
                        "sortId":37,
                        "subCode":"30202",
                        "subName":"印刷费",
                        "tableDictCode":"EXPENSES_ECONOMICS_CLASSIFY",
                        "text":"印刷费"
                    },
                    {
                        "checked":false,
                        "id":"30203",
                        "sortId":38,
                        "subCode":"30203",
                        "subName":"咨询费",
                        "tableDictCode":"EXPENSES_ECONOMICS_CLASSIFY",
                        "text":"咨询费"
                    },
                    {
                        "checked":false,
                        "id":"30204",
                        "sortId":39,
                        "subCode":"30204",
                        "subName":"手续费",
                        "tableDictCode":"EXPENSES_ECONOMICS_CLASSIFY",
                        "text":"手续费"
                    },
                    {
                        "checked":false,
                        "id":"30205",
                        "sortId":40,
                        "subCode":"30205",
                        "subName":"水费",
                        "tableDictCode":"EXPENSES_ECONOMICS_CLASSIFY",
                        "text":"水费"
                    },
                    {
                        "checked":false,
                        "id":"30206",
                        "sortId":41,
                        "subCode":"30206",
                        "subName":"电费",
                        "tableDictCode":"EXPENSES_ECONOMICS_CLASSIFY",
                        "text":"电费"
                    },
                    {
                        "checked":false,
                        "id":"30207",
                        "sortId":42,
                        "subCode":"30207",
                        "subName":"邮电费",
                        "tableDictCode":"EXPENSES_ECONOMICS_CLASSIFY",
                        "text":"邮电费"
                    },
                    {
                        "checked":false,
                        "id":"30208",
                        "sortId":43,
                        "subCode":"30208",
                        "subName":"取暖费",
                        "tableDictCode":"EXPENSES_ECONOMICS_CLASSIFY",
                        "text":"取暖费"
                    },
                    {
                        "checked":false,
                        "id":"30209",
                        "sortId":44,
                        "subCode":"30209",
                        "subName":"物业管理费",
                        "tableDictCode":"EXPENSES_ECONOMICS_CLASSIFY",
                        "text":"物业管理费"
                    },
                    {
                        "checked":false,
                        "id":"30211",
                        "sortId":45,
                        "subCode":"30211",
                        "subName":"差旅费",
                        "tableDictCode":"EXPENSES_ECONOMICS_CLASSIFY",
                        "text":"差旅费"
                    },
                    {
                        "checked":false,
                        "id":"30212",
                        "sortId":46,
                        "subCode":"30212",
                        "subName":"因公出国（境）费用",
                        "tableDictCode":"EXPENSES_ECONOMICS_CLASSIFY",
                        "text":"因公出国（境）费用"
                    },
                    {
                        "checked":false,
                        "id":"30213",
                        "sortId":47,
                        "subCode":"30213",
                        "subName":"维修（护）费",
                        "tableDictCode":"EXPENSES_ECONOMICS_CLASSIFY",
                        "text":"维修（护）费"
                    },
                    {
                        "checked":false,
                        "id":"30214",
                        "sortId":48,
                        "subCode":"30214",
                        "subName":"租赁费",
                        "tableDictCode":"EXPENSES_ECONOMICS_CLASSIFY",
                        "text":"租赁费"
                    },
                    {
                        "checked":false,
                        "id":"30215",
                        "sortId":49,
                        "subCode":"30215",
                        "subName":"会议费",
                        "tableDictCode":"EXPENSES_ECONOMICS_CLASSIFY",
                        "text":"会议费"
                    },
                    {
                        "checked":false,
                        "id":"30216",
                        "sortId":50,
                        "subCode":"30216",
                        "subName":"培训费",
                        "tableDictCode":"EXPENSES_ECONOMICS_CLASSIFY",
                        "text":"培训费"
                    },
                    {
                        "checked":false,
                        "id":"30217",
                        "sortId":51,
                        "subCode":"30217",
                        "subName":"公务接待费",
                        "tableDictCode":"EXPENSES_ECONOMICS_CLASSIFY",
                        "text":"公务接待费"
                    },
                    {
                        "checked":false,
                        "id":"30218",
                        "sortId":52,
                        "subCode":"30218",
                        "subName":"专用材料费",
                        "tableDictCode":"EXPENSES_ECONOMICS_CLASSIFY",
                        "text":"专用材料费"
                    },
                    {
                        "checked":false,
                        "id":"30224",
                        "sortId":53,
                        "subCode":"30224",
                        "subName":"被装购置费",
                        "tableDictCode":"EXPENSES_ECONOMICS_CLASSIFY",
                        "text":"被装购置费"
                    },
                    {
                        "checked":false,
                        "id":"30225",
                        "sortId":54,
                        "subCode":"30225",
                        "subName":"专用燃料费",
                        "tableDictCode":"EXPENSES_ECONOMICS_CLASSIFY",
                        "text":"专用燃料费"
                    },
                    {
                        "checked":false,
                        "id":"30226",
                        "sortId":55,
                        "subCode":"30226",
                        "subName":"劳务费",
                        "tableDictCode":"EXPENSES_ECONOMICS_CLASSIFY",
                        "text":"劳务费"
                    },
                    {
                        "checked":false,
                        "id":"30227",
                        "sortId":56,
                        "subCode":"30227",
                        "subName":"委托业务费",
                        "tableDictCode":"EXPENSES_ECONOMICS_CLASSIFY",
                        "text":"委托业务费"
                    },
                    {
                        "checked":false,
                        "id":"30228",
                        "sortId":57,
                        "subCode":"30228",
                        "subName":"工会经费",
                        "tableDictCode":"EXPENSES_ECONOMICS_CLASSIFY",
                        "text":"工会经费"
                    },
                    {
                        "checked":false,
                        "id":"30229",
                        "sortId":58,
                        "subCode":"30229",
                        "subName":"福利费",
                        "tableDictCode":"EXPENSES_ECONOMICS_CLASSIFY",
                        "text":"福利费"
                    },
                    {
                        "checked":false,
                        "id":"30231",
                        "sortId":59,
                        "subCode":"30231",
                        "subName":"交通费",
                        "tableDictCode":"EXPENSES_ECONOMICS_CLASSIFY",
                        "text":"交通费"
                    },
                    {
                        "checked":false,
                        "id":"3023101",
                        "sortId":60,
                        "subCode":"3023101",
                        "subName":"公务用车运行维护费",
                        "tableDictCode":"EXPENSES_ECONOMICS_CLASSIFY",
                        "text":"公务用车运行维护费"
                    },
                    {
                        "checked":false,
                        "id":"3023199",
                        "sortId":61,
                        "subCode":"3023199",
                        "subName":"其他交通费用",
                        "tableDictCode":"EXPENSES_ECONOMICS_CLASSIFY",
                        "text":"其他交通费用"
                    },
                    {
                        "checked":false,
                        "id":"30299",
                        "sortId":62,
                        "subCode":"30299",
                        "subName":"其他商品和服务支出",
                        "tableDictCode":"EXPENSES_ECONOMICS_CLASSIFY",
                        "text":"其他商品和服务支出"
                    },
                    {
                        "checked":false,
                        "id":"3029901",
                        "sortId":63,
                        "subCode":"3029901",
                        "subName":"公务用车购置",
                        "tableDictCode":"EXPENSES_ECONOMICS_CLASSIFY",
                        "text":"公务用车购置"
                    },
                    {
                        "checked":false,
                        "id":"309",
                        "sortId":64,
                        "subCode":"309",
                        "subName":"资本性支出（基本建设）",
                        "tableDictCode":"EXPENSES_ECONOMICS_CLASSIFY",
                        "text":"资本性支出（基本建设）"
                    },
                    {
                        "checked":false,
                        "id":"310",
                        "sortId":65,
                        "subCode":"310",
                        "subName":"资本性支出",
                        "tableDictCode":"EXPENSES_ECONOMICS_CLASSIFY",
                        "text":"资本性支出"
                    },
                    {
                        "checked":false,
                        "id":"311",
                        "sortId":66,
                        "subCode":"311",
                        "subName":"对企业补助（基本建设）",
                        "tableDictCode":"EXPENSES_ECONOMICS_CLASSIFY",
                        "text":"对企业补助（基本建设）"
                    },
                    {
                        "checked":false,
                        "id":"312",
                        "sortId":67,
                        "subCode":"312",
                        "subName":"对企业补助",
                        "tableDictCode":"EXPENSES_ECONOMICS_CLASSIFY",
                        "text":"对企业补助"
                    },
                    {
                        "checked":false,
                        "id":"30113",
                        "sortId":68,
                        "subCode":"30113",
                        "subName":"税金及附加",
                        "tableDictCode":"EXPENSES_ECONOMICS_CLASSIFY",
                        "text":"税金及附加"
                    },
                    {
                        "checked":false,
                        "id":"30114",
                        "sortId":69,
                        "subCode":"30114",
                        "subName":"职工教育经费",
                        "tableDictCode":"EXPENSES_ECONOMICS_CLASSIFY",
                        "text":"职工教育经费"
                    },
                    {
                        "checked":false,
                        "id":"303070201",
                        "sortId":70,
                        "subCode":"303070201",
                        "subName":"在职医疗费",
                        "tableDictCode":"EXPENSES_ECONOMICS_CLASSIFY",
                        "text":"在职医疗费"
                    },
                    {
                        "checked":false,
                        "id":"303070202",
                        "sortId":71,
                        "subCode":"303070202",
                        "subName":"退休医疗费",
                        "tableDictCode":"EXPENSES_ECONOMICS_CLASSIFY",
                        "text":"退休医疗费"
                    },
                    {
                        "checked":false,
                        "id":"39901",
                        "sortId":72,
                        "subCode":"39901",
                        "subName":"固定资产购置",
                        "tableDictCode":"EXPENSES_ECONOMICS_CLASSIFY",
                        "text":"固定资产购置"
                    },
                    {
                        "checked":false,
                        "id":"3010299",
                        "sortId":73,
                        "subCode":"3010299",
                        "subName":"其他补贴",
                        "tableDictCode":"EXPENSES_ECONOMICS_CLASSIFY",
                        "text":"其他补贴"
                    },
                    {
                        "checked":false,
                        "id":"041",
                        "sortId":74,
                        "subCode":"041",
                        "subName":"国务院国有资产管理委员会干部教育中心",
                        "tableDictCode":"EXPENSES_ECONOMICS_CLASSIFY",
                        "text":"国务院国有资产管理委员会干部教育中心"
                    },
                    {
                        "checked":false,
                        "id":"051",
                        "sortId":75,
                        "subCode":"051",
                        "subName":"中科倚天",
                        "tableDictCode":"EXPENSES_ECONOMICS_CLASSIFY",
                        "text":"中科倚天"
                    },
                    {
                        "checked":false,
                        "id":"001",
                        "sortId":76,
                        "subCode":"001",
                        "subName":"测试数据001",
                        "tableDictCode":"EXPENSES_ECONOMICS_CLASSIFY",
                        "text":"测试数据001"
                    },
                    {
                        "checked":false,
                        "id":"002",
                        "sortId":77,
                        "subCode":"002",
                        "subName":"地方阿斯顿发",
                        "tableDictCode":"EXPENSES_ECONOMICS_CLASSIFY",
                        "text":"地方阿斯顿发"
                    }
                ],
                "disValue":"支出经济分类",
                "id":"EXPENSES_ECONOMICS_CLASSIFY",
                "tableDictCode":"EXPENSES_ECONOMICS_CLASSIFY",
                "tableKey":"coso_classify_expenses_economics",
                "text":"支出经济分类"
            },
            {
                "children":[
                    {
                        "checked":false,
                        "id":"FS01",
                        "sortId":1,
                        "subCode":"FS01",
                        "subName":"财政拨款",
                        "tableDictCode":"SOURCE_OF_FUNDS",
                        "text":"财政拨款"
                    },
                    {
                        "checked":false,
                        "id":"FS0101",
                        "sortId":2,
                        "subCode":"FS0101",
                        "subName":"经费拨款",
                        "tableDictCode":"SOURCE_OF_FUNDS",
                        "text":"经费拨款"
                    },
                    {
                        "checked":false,
                        "id":"FS0102",
                        "sortId":3,
                        "subCode":"FS0102",
                        "subName":"专项预算管理部门安排的拨款",
                        "tableDictCode":"SOURCE_OF_FUNDS",
                        "text":"专项预算管理部门安排的拨款"
                    },
                    {
                        "checked":false,
                        "id":"FS0103",
                        "sortId":4,
                        "subCode":"FS0103",
                        "subName":"纳入预算管理的行政事业性收费拨款",
                        "tableDictCode":"SOURCE_OF_FUNDS",
                        "text":"纳入预算管理的行政事业性收费拨款"
                    },
                    {
                        "checked":false,
                        "id":"FS0104",
                        "sortId":5,
                        "subCode":"FS0104",
                        "subName":"政府性基金拨款",
                        "tableDictCode":"SOURCE_OF_FUNDS",
                        "text":"政府性基金拨款"
                    },
                    {
                        "checked":false,
                        "id":"FS99",
                        "sortId":6,
                        "subCode":"FS99",
                        "subName":"其他",
                        "tableDictCode":"SOURCE_OF_FUNDS",
                        "text":"其他"
                    },
                    {
                        "checked":false,
                        "id":"FS9901",
                        "sortId":7,
                        "subCode":"FS9901",
                        "subName":"事业收入",
                        "tableDictCode":"SOURCE_OF_FUNDS",
                        "text":"事业收入"
                    },
                    {
                        "checked":false,
                        "id":"FS990101",
                        "sortId":8,
                        "subCode":"FS990101",
                        "subName":"纳入财政专户的行政事业性收费拨款",
                        "tableDictCode":"SOURCE_OF_FUNDS",
                        "text":"纳入财政专户的行政事业性收费拨款"
                    },
                    {
                        "checked":false,
                        "id":"FS9902",
                        "sortId":9,
                        "subCode":"FS9902",
                        "subName":"上级补助收入",
                        "tableDictCode":"SOURCE_OF_FUNDS",
                        "text":"上级补助收入"
                    },
                    {
                        "checked":false,
                        "id":"FS9903",
                        "sortId":10,
                        "subCode":"FS9903",
                        "subName":"附属单位上缴收入",
                        "tableDictCode":"SOURCE_OF_FUNDS",
                        "text":"附属单位上缴收入"
                    },
                    {
                        "checked":false,
                        "id":"FS9904",
                        "sortId":11,
                        "subCode":"FS9904",
                        "subName":"经营收入",
                        "tableDictCode":"SOURCE_OF_FUNDS",
                        "text":"经营收入"
                    },
                    {
                        "checked":false,
                        "id":"FS9905",
                        "sortId":12,
                        "subCode":"FS9905",
                        "subName":"结转和结余",
                        "tableDictCode":"SOURCE_OF_FUNDS",
                        "text":"结转和结余"
                    },
                    {
                        "checked":false,
                        "id":"FS990501",
                        "sortId":13,
                        "subCode":"FS990501",
                        "subName":"结转",
                        "tableDictCode":"SOURCE_OF_FUNDS",
                        "text":"结转"
                    },
                    {
                        "checked":false,
                        "id":"FS99050101",
                        "sortId":14,
                        "subCode":"FS99050101",
                        "subName":"财政拨款结转",
                        "tableDictCode":"SOURCE_OF_FUNDS",
                        "text":"财政拨款结转"
                    },
                    {
                        "checked":false,
                        "id":"FS990502",
                        "sortId":15,
                        "subCode":"FS990502",
                        "subName":"结余",
                        "tableDictCode":"SOURCE_OF_FUNDS",
                        "text":"结余"
                    },
                    {
                        "checked":false,
                        "id":"FS99050201",
                        "sortId":16,
                        "subCode":"FS99050201",
                        "subName":"财政拨款结余",
                        "tableDictCode":"SOURCE_OF_FUNDS",
                        "text":"财政拨款结余"
                    },
                    {
                        "checked":false,
                        "id":"FS990599",
                        "sortId":17,
                        "subCode":"FS990599",
                        "subName":"其他结转和结余",
                        "tableDictCode":"SOURCE_OF_FUNDS",
                        "text":"其他结转和结余"
                    },
                    {
                        "checked":false,
                        "id":"FS9908",
                        "sortId":18,
                        "subCode":"FS9908",
                        "subName":"其他自有资金",
                        "tableDictCode":"SOURCE_OF_FUNDS",
                        "text":"其他自有资金"
                    },
                    {
                        "checked":false,
                        "id":"FS0105",
                        "sortId":19,
                        "subCode":"FS0105",
                        "subName":"党校专项经费",
                        "tableDictCode":"SOURCE_OF_FUNDS",
                        "text":"党校专项经费"
                    },
                    {
                        "checked":false,
                        "id":"FS0106",
                        "sortId":20,
                        "subCode":"FS0106",
                        "subName":"国资国企改革专题专项经费",
                        "tableDictCode":"SOURCE_OF_FUNDS",
                        "text":"国资国企改革专题专项经费"
                    },
                    {
                        "checked":false,
                        "id":"FS0107",
                        "sortId":21,
                        "subCode":"FS0107",
                        "subName":"教育收费安排支出",
                        "tableDictCode":"SOURCE_OF_FUNDS",
                        "text":"教育收费安排支出"
                    },
                    {
                        "checked":false,
                        "id":"041",
                        "sortId":22,
                        "subCode":"041",
                        "subName":"国务院国有资产管理委员会干部教育中心",
                        "tableDictCode":"SOURCE_OF_FUNDS",
                        "text":"国务院国有资产管理委员会干部教育中心"
                    },
                    {
                        "checked":false,
                        "id":"051",
                        "sortId":23,
                        "subCode":"051",
                        "subName":"中科倚天",
                        "tableDictCode":"SOURCE_OF_FUNDS",
                        "text":"中科倚天"
                    },
                    {
                        "checked":false,
                        "id":"001",
                        "sortId":24,
                        "subCode":"001",
                        "subName":"测试数据001",
                        "tableDictCode":"SOURCE_OF_FUNDS",
                        "text":"测试数据001"
                    },
                    {
                        "checked":false,
                        "id":"002",
                        "sortId":25,
                        "subCode":"002",
                        "subName":"地方阿斯顿发",
                        "tableDictCode":"SOURCE_OF_FUNDS",
                        "text":"地方阿斯顿发"
                    }
                ],
                "disValue":"资金来源",
                "id":"SOURCE_OF_FUNDS",
                "tableDictCode":"SOURCE_OF_FUNDS",
                "tableKey":"coso_classify_source_of_funds",
                "text":"资金来源"
            },
            {
                "children":[
                    {
                        "checked":false,
                        "id":"394",
                        "sortId":1,
                        "subCode":"394",
                        "subName":"基本支出",
                        "tableDictCode":"EXPENSES_NATURE_CLASSIFY",
                        "text":"基本支出"
                    },
                    {
                        "checked":false,
                        "id":"395",
                        "sortId":2,
                        "subCode":"395",
                        "subName":"项目支出",
                        "tableDictCode":"EXPENSES_NATURE_CLASSIFY",
                        "text":"项目支出"
                    },
                    {
                        "checked":false,
                        "id":"396",
                        "sortId":3,
                        "subCode":"396",
                        "subName":"经营支出",
                        "tableDictCode":"EXPENSES_NATURE_CLASSIFY",
                        "text":"经营支出"
                    },
                    {
                        "checked":false,
                        "id":"397",
                        "sortId":4,
                        "subCode":"397",
                        "subName":"上缴上级支出",
                        "tableDictCode":"EXPENSES_NATURE_CLASSIFY",
                        "text":"上缴上级支出"
                    },
                    {
                        "checked":false,
                        "id":"398",
                        "sortId":5,
                        "subCode":"398",
                        "subName":"对附属单位补助支出",
                        "tableDictCode":"EXPENSES_NATURE_CLASSIFY",
                        "text":"对附属单位补助支出"
                    },
                    {
                        "checked":false,
                        "id":"399",
                        "sortId":6,
                        "subCode":"399",
                        "subName":"其他支出",
                        "tableDictCode":"EXPENSES_NATURE_CLASSIFY",
                        "text":"其他支出"
                    },
                    {
                        "checked":false,
                        "id":"041",
                        "sortId":7,
                        "subCode":"041",
                        "subName":"国务院国有资产管理委员会干部教育中心",
                        "tableDictCode":"EXPENSES_NATURE_CLASSIFY",
                        "text":"国务院国有资产管理委员会干部教育中心"
                    },
                    {
                        "checked":false,
                        "id":"051",
                        "sortId":8,
                        "subCode":"051",
                        "subName":"中科倚天",
                        "tableDictCode":"EXPENSES_NATURE_CLASSIFY",
                        "text":"中科倚天"
                    },
                    {
                        "checked":false,
                        "id":"001",
                        "sortId":9,
                        "subCode":"001",
                        "subName":"测试数据001",
                        "tableDictCode":"EXPENSES_NATURE_CLASSIFY",
                        "text":"测试数据001"
                    },
                    {
                        "checked":false,
                        "id":"002",
                        "sortId":10,
                        "subCode":"002",
                        "subName":"地方阿斯顿发",
                        "tableDictCode":"EXPENSES_NATURE_CLASSIFY",
                        "text":"地方阿斯顿发"
                    }
                ],
                "disValue":"支出性质分类",
                "id":"EXPENSES_NATURE_CLASSIFY",
                "tableDictCode":"EXPENSES_NATURE_CLASSIFY",
                "tableKey":"coso_classify_expenses_nature",
                "text":"支出性质分类"
            },
            {
                "children":[
                    {
                        "checked":false,
                        "id":"FU901",
                        "sortId":1,
                        "subCode":"FU901",
                        "subName":"基本支出12",
                        "tableDictCode":"USE_OF_FUNDS",
                        "text":"基本支出12"
                    },
                    {
                        "checked":false,
                        "id":"FU90101",
                        "sortId":2,
                        "subCode":"FU90101",
                        "subName":"人员支出",
                        "tableDictCode":"USE_OF_FUNDS",
                        "text":"人员支出"
                    },
                    {
                        "checked":false,
                        "id":"FU9010101",
                        "sortId":3,
                        "subCode":"FU9010101",
                        "subName":"在职人员",
                        "tableDictCode":"USE_OF_FUNDS",
                        "text":"在职人员"
                    },
                    {
                        "checked":false,
                        "id":"FU901010101",
                        "sortId":4,
                        "subCode":"FU901010101",
                        "subName":"人员工资",
                        "tableDictCode":"USE_OF_FUNDS",
                        "text":"人员工资"
                    },
                    {
                        "checked":false,
                        "id":"FU801050102",
                        "sortId":5,
                        "subCode":"FU801050102",
                        "subName":"住房改革支出",
                        "tableDictCode":"USE_OF_FUNDS",
                        "text":"住房改革支出"
                    },
                    {
                        "checked":false,
                        "id":"FU90101012",
                        "sortId":6,
                        "subCode":"FU90101012",
                        "subName":"退休人员",
                        "tableDictCode":"USE_OF_FUNDS",
                        "text":"退休人员"
                    },
                    {
                        "checked":false,
                        "id":"FU90102",
                        "sortId":7,
                        "subCode":"FU90102",
                        "subName":"日常公用支出",
                        "tableDictCode":"USE_OF_FUNDS",
                        "text":"日常公用支出"
                    },
                    {
                        "checked":false,
                        "id":"FU902",
                        "sortId":8,
                        "subCode":"FU902",
                        "subName":"项目支出",
                        "tableDictCode":"USE_OF_FUNDS",
                        "text":"项目支出"
                    },
                    {
                        "checked":false,
                        "id":"1212",
                        "sortId":10,
                        "subCode":"1212",
                        "subName":"1212",
                        "tableDictCode":"USE_OF_FUNDS",
                        "text":"1212"
                    },
                    {
                        "checked":false,
                        "id":"041",
                        "sortId":13,
                        "subCode":"041",
                        "subName":"国务院国有资产管理委员会干部教育中心",
                        "tableDictCode":"USE_OF_FUNDS",
                        "text":"国务院国有资产管理委员会干部教育中心"
                    },
                    {
                        "checked":false,
                        "id":"051",
                        "sortId":14,
                        "subCode":"051",
                        "subName":"中科倚天",
                        "tableDictCode":"USE_OF_FUNDS",
                        "text":"中科倚天"
                    },
                    {
                        "checked":false,
                        "id":"001",
                        "sortId":15,
                        "subCode":"001",
                        "subName":"测试数据001",
                        "tableDictCode":"USE_OF_FUNDS",
                        "text":"测试数据001"
                    },
                    {
                        "checked":false,
                        "id":"002",
                        "sortId":17,
                        "subCode":"002",
                        "subName":"地方阿斯顿发",
                        "tableDictCode":"USE_OF_FUNDS",
                        "text":"地方阿斯顿发"
                    }
                ],
                "disValue":"收入用途分类",
                "id":"USE_OF_FUNDS",
                "tableDictCode":"USE_OF_FUNDS",
                "tableKey":"coso_classify_use_of_funds",
                "text":"收入用途分类"
            },
            {
                "children":[
                    {
                        "checked":false,
                        "id":"P001",
                        "sortId":1,
                        "subCode":"P001",
                        "subName":"财政预算项目001",
                        "tableDictCode":"PRJ_NUM",
                        "text":"财政预算项目001"
                    }
                ],
                "disValue":"财政预算项目",
                "id":"PRJ_NUM",
                "tableDictCode":"PRJ_NUM",
                "tableKey":"coso_classify_budget_prj",
                "text":"财政预算项目"
            }
        ]
    },
    "flag":0,
    "message":"获取数据成功！"
}