{
	"total": 150,
	"rows": [
		{
			"cellphone": "13215156261",
			"compId": 2792,
			"contactName": "清风",
			"email": "1616161@qq.com1",
			"id": 3,
			"phone": "010-89561211",
			"positionDept": "设计"
		}, {
			"cellphone": "13215156261",
			"compId": 2792,
			"contactName": "徐来",
			"email": "1616161@qq.com2",
			"id": 3,
			"phone": "010-89561211",
			"positionDept": "设计"
		}, {
			"cellphone": "13215156261",
			"compId": 2792,
			"contactName": "清风",
			"email": "1616161@qq.com3",
			"id": 3,
			"phone": "010-89561211",
			"positionDept": "设计"
		}, {
			"cellphone": "13215156261",
			"compId": 2792,
			"contactName": "徐来",
			"email": "1616161@qq.com4",
			"id": 3,
			"phone": "010-89561211",
			"positionDept": "产品"
		}, {
			"cellphone": "13215156261",
			"compId": 2792,
			"contactName": "小明同学",
			"email": "1616161@qq.com5",
			"id": 3,
			"phone": "010-89561211",
			"positionDept": "产品"
		}, {
			"cellphone": "13215156261",
			"compId": 2792,
			"contactName": "西梅",
			"email": "1616161@qq.com6",
			"id": 3,
			"phone": "010-89561211",
			"positionDept": "人力资源"
		}, {
			"cellphone": "13215156261",
			"compId": 2792,
			"contactName": "西梅",
			"email": "1616161@qq.com7",
			"id": 3,
			"phone": "010-89561211",
			"positionDept": "人力资源"
		}, {
			"cellphone": "13215156261",
			"compId": 2792,
			"contactName": "徐来",
			"email": "1616161@qq.com8",
			"id": 3,
			"phone": "010-89561211",
			"positionDept": "产品"
		}, {
			"cellphone": "13215156261",
			"compId": 2792,
			"contactName": "清风",
			"email": "1616161@qq.com9",
			"id": 3,
			"phone": "010-89561211",
			"positionDept": "设计"
		}, {
			"cellphone": "13215156261",
			"compId": 2792,
			"contactName": "清风",
			"email": "1616161@qq.com10",
			"id": 3,
			"phone": "010-89561211",
			"positionDept": "设计"
		}
	]
}