{
    "data": {
        "children": [
            {
                "children": [
                    {
                    	"children": [
							{
							    "countMenu": "",
							    "funcCode": "",
							    "id": "533",
							    "implateType": "2",
							    "leaf": "true",
							    "logoUrl": "",
							    "menuName": "借款申请",
							    "menuOrder": 1,
							    "menuType": "SYSTEM",
							    "menuUrl": "templet/formApply.html",
							    "openType": "1",
							    "orderId": 533,
							    "parentId": "531",
							    "pkId": 533,
							    "state": 1,
							    "systemCode": "RR4Qr19916",
							    "systemId": 55,
							    "type": "menu"
							},
							 {
                                "countMenu": "",
                                "funcCode": "",
                                "id": "534",
                                "implateType": "2",
                                "leaf": "true",
                                "logoUrl": "",
                                "menuName": "借款审批",
                                "menuOrder": 1,
                                "menuType": "SYSTEM",
                                "menuUrl": "templet/formApprove.html",
                                "openType": "1",
                                "orderId": 534,
                                "parentId": "531",
                                "pkId": 534,
                                "state": 1,
                                "systemCode": "RR4Qr19916",
                                "systemId": 55,
                                "type": "menu"
                            },
                            {
                                "countMenu": "",
                                "funcCode": "",
                                "id": "535",
                                "implateType": "2",
                                "leaf": "true",
                                "logoUrl": "",
                                "menuName": "借款详情",
                                "menuOrder": 1,
                                "menuType": "SYSTEM",
                                "menuUrl": "templet/formDetail.html",
                                "openType": "1",
                                "orderId": 535,
                                "parentId": "531",
                                "pkId": 535,
                                "state": 1,
                                "systemCode": "RR4Qr19916",
                                "systemId": 55,
                                "type": "menu"
                            },
                             {
                                 "countMenu": "",
                                 "funcCode": "",
                                 "id": "536",
                                 "implateType": "2",
                                 "leaf": "true",
                                 "logoUrl": "",
                                 "menuName": "审批列表",
                                 "menuOrder": 1,
                                 "menuType": "SYSTEM",
                                 "menuUrl": "templet/approveList.html",
                                 "openType": "1",
                                 "orderId": 536,
                                 "parentId": "531",
                                 "pkId": 536,
                                 "state": 1,
                                 "systemCode": "RR4Qr19916",
                                 "systemId": 55,
                                 "type": "menu"
                             }
                         ],
                        "countMenu": "",
                        "funcCode": "",
                        "id": "531",
                        "implateType": "2",
                        "leaf": "false",
                        "logoUrl": "",
                        "menuName": "借款审批",
                        "menuOrder": 1,
                        "menuType": "SYSTEM",
                        "menuUrl": "",
                        "openType": "1",
                        "orderId": 531,
                        "parentId": "528",
                        "pkId": 531,
                        "state": 1,
                        "systemCode": "RR4Qr19916",
                        "systemId": 55,
                        "type": "menu"
                    }
                ],
                "countMenu": "",
                "funcCode": "",
                "id": "528",
                "implateType": "2",
                "leaf": "false",
                "logoUrl": "./resources/images/test/temp.png",
                "menuName": "借款申请",
                "menuOrder": 12,
                "menuType": "SYSTEM",
                "menuUrl": " ",
                "openType": "1",
                "orderId": 528,
                "parentId": "0",
                "pkId": 528,
                "state": 1,
                "systemCode": "RR4Qr19916",
                "systemId": 55,
                "type": "menu"
            }
        ],
        "id": "0",
        "leaf": "false"
    },
    "flag": 0,
    "message": "成功"
}