{
    "data":[
        {
            "comment":"合理,同意申请",
            "commentTime":"2018-07-06 14:25",
            "commentTimeDate":1530858335000,
            "deleteReason":"completed",
            "operationState":"【财务分管领导审批】已通过",
            "processDefinedKey":"LOAN_APP_FLOW",
            "processInstanceId":"",
            "taskId":"342689",
            "taskName":"财务分管领导审批",
            "tastKey":"activitiEndTask",
            "userCode":"yufucaiban",
            "userName":"俞副财办"
        },
        {
            "comment":"",
            "commentTime":"2018-07-06 14:25",
            "commentTimeDate":1530858319000,
            "deleteReason":"completed",
            "operationState":"已提交，提交到【财务分管领导审批】",
            "processDefinedKey":"LOAN_APP_FLOW",
            "processInstanceId":"",
            "taskId":"342686",
            "taskName":"财务审核",
            "tastKey":"CWAUDIT",
            "userCode":"chencaike",
            "userName":"陈财科"
        },
        {
            "comment":"",
            "commentTime":"2018-07-06 14:25",
            "commentTimeDate":1530858302000,
            "deleteReason":"completed",
            "operationState":"已提交，提交到【财务审核】",
            "processDefinedKey":"LOAN_APP_FLOW",
            "processInstanceId":"",
            "taskId":"342682",
            "taskName":"部门负责人审批",
            "tastKey":"DMAUDIT",
            "userCode":"sunchanglin",
            "userName":"孙长林"
        },
        {
            "comment":"",
            "commentTime":"2018-07-06 14:24",
            "commentTimeDate":1530858265000,
            "deleteReason":"submited",
            "operationState":"已提交，提交到【部门负责人审批】",
            "processDefinedKey":"LOAN_APP_FLOW",
            "processInstanceId":"",
            "taskId":"342678",
            "taskName":"经办人申请",
            "tastKey":"activitiStartTask",
            "userCode":"weiyeke",
            "userName":"魏业科"
        }
    ],
    "flag":0,
    "message":""
}