{
    "data": {
        "children": [
            {
                "children": [
                    {
                    	"children": [
                             {
                            	 
                                 "countMenu": "",
                                 "funcCode": "",
                                 "id": "531",
                                 "implateType": "2",
                                 "leaf": "true",
                                 "logoUrl": "",
                                 "menuName": "三级菜单",
                                 "menuOrder": 1,
                                 "menuType": "SYSTEM",
                                 "menuUrl": "templet/templet.html",
                                 "openType": "1",
                                 "orderId": 531,
                                 "parentId": "528",
                                 "pkId": 531,
                                 "state": 1,
                                 "systemCode": "RR4Qr19916",
                                 "systemId": 55,
                                 "type": "menu"
                             }
                         ],
                        "countMenu": "",
                        "funcCode": "",
                        "id": "531",
                        "implateType": "2",
                        "leaf": "false",
                        "logoUrl": "",
                        "menuName": "二级菜单",
                        "menuOrder": 1,
                        "menuType": "SYSTEM",
                        "menuUrl": "",
                        "openType": "1",
                        "orderId": 531,
                        "parentId": "528",
                        "pkId": 531,
                        "state": 1,
                        "systemCode": "RR4Qr19916",
                        "systemId": 55,
                        "type": "menu"
                    }
                ],
                "countMenu": "",
                "funcCode": "",
                "id": "528",
                "implateType": "2",
                "leaf": "false",
                "logoUrl": "http://192.168.1.61:6001/coso-acl/file/20180112/e37ab623-b233-4707-bc6f-3c1958e2ba8a.ico",
                "menuName": "一级菜单",
                "menuOrder": 12,
                "menuType": "SYSTEM",
                "menuUrl": " ",
                "openType": "1",
                "orderId": 528,
                "parentId": "0",
                "pkId": 528,
                "state": 1,
                "systemCode": "RR4Qr19916",
                "systemId": 55,
                "type": "menu"
            }
        ],
        "id": "0",
        "leaf": "false"
    },
    "flag": 0,
    "message": "成功"
}